{"cameraMode":{"drawMode":0,"name":"Shaded","section":"Shading Mode"},"sceneLighting":false,"audioPlay":false,"sceneViewState":{"m_AlwaysRefresh":false,"showFog":true,"showSkybox":true,"showFlares":true,"showImageEffects":true,"showParticleSystems":true,"showVisualEffectGraphs":true,"m_FxEnabled":true},"in2DMode":false,"pivot":{"x":42.00090789794922,"y":204.79954528808595,"z":398.5049133300781},"rotation":{"x":0.0013478394830599428,"y":-0.9986168146133423,"z":0.03236451372504234,"w":0.041633788496255878},"size":12.12435531616211,"orthographic":false}