{"cameraMode":{"drawMode":0,"name":"Shaded","section":"Shading Mode"},"sceneLighting":false,"audioPlay":false,"sceneViewState":{"m_AlwaysRefresh":false,"showFog":true,"showSkybox":false,"showFlares":true,"showImageEffects":true,"showParticleSystems":true,"showVisualEffectGraphs":true,"m_FxEnabled":true},"in2DMode":false,"pivot":{"x":-0.831298291683197,"y":0.748831033706665,"z":-0.07217264175415039},"rotation":{"x":-0.0069136000238358978,"y":0.9920884370803833,"z":-0.06347929686307907,"w":-0.10814082622528076},"size":2.666025161743164,"orthographic":false}